window_id,baseline_probability,drifted_probability,actual_failure
33,0.064089,0.104968,0
34,0.076694,0.124543,0
35,0.999843,0.999908,1
36,0.999877,0.999928,1
37,0.999905,0.999944,1
38,0.180897,0.274435,0
39,0.219771,0.325425,0
40,0.259428,0.374984,0
41,0.296714,0.419471,0
42,0.331386,0.459123,0
43,0.363739,0.494719,0
44,0.999975,0.999986,1
45,0.437763,0.571459,0
46,0.487785,0.619913,0
47,0.550317,0.676996,0
48,0.624617,0.740245,0
