window_id,baseline_probability,drifted_probability,actual_failure
33,0.064089,0.101948,0
34,0.076694,0.121035,0
35,0.999843,0.999905,1
36,0.999877,0.999926,1
37,0.999905,0.999943,1
38,0.180897,0.267999,0
39,0.219771,0.318317,0
40,0.259428,0.367383,0
41,0.296714,0.411562,0
42,0.331386,0.451047,0
43,0.363739,0.486580,0
44,0.999975,0.999985,1
45,0.437763,0.563465,0
46,0.487785,0.612210,0
47,0.550317,0.669834,0
48,0.624617,0.733934,0
