model,precision,recall,f1,business_cost
mahalanobis,0.250000,1.000000,0.400000,12.000000
logistic_regression,0.400000,1.000000,0.571429,6.000000
logistic_with_sensor_drift,0.307692,1.000000,0.470588,9.000000
