threshold,validation_f1
0.30,0.000000
0.35,0.000000
0.40,0.000000
0.45,0.000000
0.50,0.000000
0.55,0.000000
0.60,0.000000
0.65,0.000000
0.70,0.000000
0.75,0.000000
0.80,0.000000
