alpha,validation_rmse
0.05,26.275333
0.1,28.992987
0.4,29.312436
1.0,27.369593
3.0,24.363096
10.0,22.234032
25.0,22.237572
