configuration,rmse_mw,mape_pct,r2
full_model,15.314297,3.388038,0.734567
no_weather,27.063549,6.051190,0.171047
no_calendar,10.488648,2.169479,0.875491
no_peak_flags,15.155466,3.055729,0.740045
lags_only,15.630032,2.923368,0.723510
